246;"_o_--"
245;"_o_--_-"
229;"warp_ship_container"
228;"warp_win_bg"
225;"warp_win_confirm_btn"
216;"warp_win_first_btn"
207;"warp_win_last_btn"
198;"warp_win_mask"
196;"warp_win_next_btn"
187;"warp_win_prev_btn"
178;"warp_win_price_field"
175;"warp_win_ship_selector"
165;"backgroundNormal"
161;"backgroundNormalResizable"
153;"backgroundWithBottomControls"
125;"backgroundWithTopControls"
121;"backgroundWithTopControlsResizable"
77;"ship_aegis_design_aegisEliteEic"
76;"ship_aegis_design_aegisEliteMmo"
75;"ship_aegis_design_aegisEliteVru"
74;"ship_aegis_design_aegisSuperEliteEic"
73;"ship_aegis_design_aegisSuperEliteMmo"
72;"ship_aegis_design_aegisSuperEliteVru"
71;"ship_citadel_design_citadelEliteEic"
70;"ship_citadel_design_citadelEliteMmo"
69;"ship_citadel_design_citadelEliteVru"
68;"ship_citadel_design_citadelSuperEliteEic"
67;"ship_citadel_design_citadelSuperEliteMmo"
66;"ship_citadel_design_citadelSuperEliteVru"
65;"ship_bigboy_design_mamba"
64;"ship_bigboy_design_solemn"
63;"ship52"
62;"ship59"
61;"ship110"
60;"ship64"
59;"ship56"
58;"ship62"
57;"ship_goliath_design_sovereign"
56;"ship_goliath_design_vanquisher"
55;"ship_goliath_design_peacemaker"
54;"ship88"
53;"ship68"
52;"ship19"
51;"ship86"
50;"ship109"
49;"ship53"
48;"ship87"
47;"ship54"
46;"ship66"
45;"ship63"
44;"ship65"
43;"ship57"
42;"ship67"
41;"ship61"
40;"ship17"
39;"ship60"
38;"ship16"
37;"ship18"
36;"ship58"
35;"ship_aegis_eic"
34;"ship49"
33;"ship_aegis_mmo"
32;"ship_aegis_vru"
31;"ship9"
30;"ship_citadel_eic"
29;"ship69"
28;"ship_citadel_mmo"
27;"ship_citadel_neutral"
26;"ship_citadel_vru"
25;"ship4"
24;"ship10"
23;"ship30"
22;"ship3"
21;"ship5"
20;"ship_nostromo_design_ambassador"
19;"ship_nostromo_design_diplomat"
18;"ship_nostromo_design_envoy"
17;"ship7"
16;"ship1"
15;"ship6"
14;"ship98"
13;"ship_spearhead_eic"
12;"ship70"
11;"ship_spearhead_mmo"
10;"ship_spearhead_neutral"
9;"ship_spearhead_vru"
8;"ship8"
7;"ship2"
6;"ship_spearhead_design_spearheadEliteEic"
5;"ship_spearhead_design_spearheadEliteMmo"
4;"ship_spearhead_design_spearheadEliteVru"
3;"ship_spearhead_design_spearheadSuperEliteEic"
2;"ship_spearhead_design_spearheadSuperEliteMmo"
1;"ship_spearhead_design_spearheadSuperEliteVru"
0;"net.bigpoint.darkorbit.fooskater.kabelsalat.mains.06884"
