88;"windowContainer1"
84;"windowContainer2"
79;"windowContainer3"
75;"windowContainer4"
70;"windowContainer5"
62;"windowContainer6"
24;"achievements_icon.png"
23;"booster_icon.png"
22;"chat_icon.png"
21;"ctb_icon.png"
20;"groupsystem_icon.png"
19;"help_icon.png"
18;"info_icon.png"
17;"invasion_icon.png"
16;"log_icon.png"
15;"logout_icon.png"
14;"map_icon.png"
13;"npc_hunt_icon.png"
12;"pet.png"
11;"player_icon.png"
10;"quest_icon.png"
9;"refinement_icon.png"
8;"settings_icon.png"
7;"ship_icon.png"
6;"spaceball_icon.png"
5;"spacemap_icon.png"
4;"target_icon.png"
3;"tdm_icon.png"
2;"tech.png"
1;"trade_icon.png"
