537;"fl.controls.Button"
536;"Button_upSkin"
534;"Button_selectedUpSkin"
532;"Button_selectedOverSkin"
530;"Button_selectedDownSkin"
528;"Button_selectedDisabledSkin"
526;"Button_overSkin"
524;"Button_emphasizedSkin"
522;"Button_downSkin"
520;"Button_disabledSkin"
518;"button1"
510;"checkBox"
505;"comboBoxContainer"
504;"comboContainer"
503;"fl.controls.ComboBox"
502;"fl.controls.List"
501;"fl.controls.ScrollBar"
500;"fl.controls.listClasses.CellRenderer"
499;"CellRenderer_selectedUpSkin"
497;"CellRenderer_selectedOverSkin"
495;"CellRenderer_selectedDownSkin"
493;"CellRenderer_selectedDisabledSkin"
491;"CellRenderer_overSkin"
489;"CellRenderer_downSkin"
487;"CellRenderer_disabledSkin"
485;"CellRenderer_upSkin"
483;"List_skin"
481;"fl.controls.TextInput"
480;"TextInput_upSkin"
478;"TextInput_disabledSkin"
477;"ComboBox_downSkin"
475;"ComboBox_overSkin"
473;"ComboBox_disabledSkin"
471;"ComboBox_upSkin"
469;"textAreaComponent"
468;"fl.controls.TextArea"
467;"TextArea_upSkin"
466;"TextArea_disabledSkin"
464;"fl.controls.UIScrollBar"
463;"ScrollBar_thumbIcon"
461;"ScrollArrowUp_disabledSkin"
460;"ScrollArrowDown_disabledSkin"
458;"ScrollArrowDown_upSkin"
457;"ScrollThumb_upSkin"
455;"ScrollArrowUp_upSkin"
453;"ScrollArrowUp_overSkin"
451;"ScrollThumb_overSkin"
449;"ScrollArrowDown_overSkin"
447;"ScrollThumb_downSkin"
445;"ScrollArrowDown_downSkin"
443;"ScrollArrowUp_downSkin"
439;"ScrollTrack_skin"
437;"focusRectSkin"
435;"counterBar"
431;"cross"
428;"extraHitpointsBar"
425;"hitpointsBar"
422;"shieldBar"
417;"bar_blue_OLD"
416;"bar_blue"
415;"bar_green_OLD"
414;"bar_green"
413;"bar_red_OLD"
412;"bar_red"
411;"bar_yellow_OLD"
410;"bar_background"
409;"bar_yellow"
408;"bar_yellow2_OLD"
386;"bar_yellow2"
385;"homezone_1_1"
382;"homezone_1_2"
379;"homezone_1_3"
376;"homezone_2_1"
373;"homezone_2_2"
370;"homezone_2_3"
367;"homezone_3_1"
364;"homezone_3_2"
361;"homezone_3_3"
356;"spaceball_speed"
350;"grid"
348;"betaLabel"
345;"connectionLostWindow"
340;"connectionWindow"
323;"radiationHelp"
313;"ship_border"
308;"comboButton"
303;"expandButton"
298;"petFuelButton"
291;"petPlayButton"
284;"petRepairButton"
277;"petStopButton"
272;"piechart"
256;"generalButton"
250;"sellButton"
242;"tradeButton"
234;"trade_module_1"
225;"numericStepperArrows"
216;"numericStepperMinus"
209;"numericStepperPlus"
200;"tutorial_arrow"
197;"fl.controls.Label"
196;"fl.core.ComponentShim"
193;"cMask"
191;"windowArrow"
188;"iconShip0"
187;"iconShip1"
186;"iconShip10"
185;"iconShip100"
184;"iconShip101"
183;"iconShip103"
182;"iconShip111"
181;"iconShip2"
180;"iconShip3"
179;"iconShip4"
178;"iconShip5"
177;"iconShip6"
176;"iconShip7"
175;"iconShip71"
174;"iconShip72"
173;"iconShip73"
172;"iconShip74"
171;"iconShip75"
170;"iconShip76"
169;"iconShip77"
168;"iconShip78"
167;"iconShip79"
166;"iconShip8"
165;"iconShip80"
164;"iconShip81"
163;"iconShip9"
162;"iconShip98"
161;"iconShip99"
160;"autoloot.png"
159;"autoressource.png"
158;"cbInfoIcon_bad_queue"
157;"bg_active.png"
156;"bg_standard.png"
155;"tdm_scoreboard_left_2"
154;"tdm_scoreboard_right_2"
153;"boosterBonusBoxIcon"
152;"boosterDamageIcon"
151;"boosterHonorIcon"
150;"boosterHitpointsIcon"
149;"boosterQuestRewardIcon"
148;"boosterRepairIcon"
147;"boosterResourceIcon"
146;"boosterShieldIcon"
145;"boosterShieldRecoveryIcon"
144;"boosterXPIcon"
143;"border"
142;"boss_icon.png"
141;"btn_acceptinv_da.png"
140;"btn_acceptinv_mo.png"
139;"btn_acceptinv_std.png"
138;"btn_allowinv_da.png"
137;"btn_allowinv_mo.png"
136;"btn_allowinv_std.png"
135;"btn_blockinv_da.png"
134;"btn_blockinv_mo.png"
133;"btn_blockinv_std.png"
132;"btn_follow_da.png"
131;"btn_follow_mo.png"
130;"btn_follow_std.png"
129;"btn_inv_boss_da.png"
128;"btn_inv_boss_mo.png"
127;"btn_inv_boss_std.png"
126;"btn_inv_group_da.png"
125;"btn_inv_group_mo.png"
124;"btn_inv_group_std.png"
123;"btn_kick_da.png"
122;"btn_kick_mo.png"
121;"btn_kick_std.png"
120;"btn_leave_da.png"
119;"btn_leave_mo.png"
118;"btn_leave_std.png"
117;"btn_ping_da.png"
116;"btn_ping_mo.png"
115;"btn_ping_std.png"
114;"btn_promote_da.png"
113;"btn_promote_mo.png"
112;"btn_promote_std.png"
111;"btn_rejectinv_da.png"
110;"btn_rejectinv_mo.png"
109;"btn_rejectinv_std.png"
108;"btn_revokeinv_da.png"
107;"btn_revokeinv_mo.png"
106;"btn_revokeinv_std.png"
105;"btn_sendinv_da.png"
104;"btn_sendinv_mo.png"
103;"btn_sendinv_std.png"
102;"shipInfoIcon_cargo"
101;"tdm_counter"
100;"center_display_off"
99;"center_display_on"
98;"clan"
97;"cbInfoIcon_timer"
96;"ctb_2"
95;"ctb_1"
94;"ctb_3"
93;"shipInfoIcon_configuration"
92;"shipInfoIcon_credits"
91;"ctb_table"
90;"dead_icon.png"
89;"disconnect_icon.png"
88;"down.png"
87;"drone_prefix"
86;"invasion_2"
85;"spaceball_2"
84;"left_2"
83;"right_2"
82;"company_symbol_2"
81;"empty_bar.png"
80;"enemylocator.png"
79;"shipInfoIcon_experience"
78;"explosive.png"
77;"flax_dot"
76;"fuel_small.png"
75;"cbInfoIcon_games"
74;"gear_bg.png"
73;"cbInfoIcon_good_queue"
72;"tdm_scoreboard_left_3"
71;"tdm_scoreboard_right_3"
70;"guard.png"
69;"home_symbol"
68;"shipInfoIcon_honor"
67;"shipInfoIcon_hitpoints"
66;"hp_bar.png"
65;"hp_small.png"
64;"shipInfoIcon_id"
63;"iris_dot"
62;"shipInfoIcon_jackpot"
61;"shipInfoIcon_jumpvoucher"
60;"kamikaze.png"
59;"shipInfoIcon_bootykey"
58;"shipInfoIcon_laser"
57;"shipInfoIcon_level"
56;"loot_countdown_with_bg"
55;"loot_countdown_without_bg"
54;"npc2icon"
53;"invasion_1"
52;"spaceball_1"
51;"left_1"
50;"right_1"
49;"company_symbol_1"
48;"npc4icon"
47;"cbInfoIcon_normal_queue"
46;"iconShipNull"
45;"ore_1"
44;"ore_11"
43;"ore_12"
42;"ore_13"
41;"ore_2"
40;"ore_3"
39;"ore_99"
38;"ore_15"
37;"ore_tree"
36;"passive.png"
35;"pet_level_0.jpg"
34;"pet_level_1.jpg"
33;"pet_level_10.jpg"
32;"pet_level_2.jpg"
31;"pet_level_3.jpg"
30;"pet_level_4.jpg"
29;"pet_level_5.jpg"
28;"pet_level_6.jpg"
27;"pet_level_7.jpg"
26;"pet_level_8.jpg"
25;"pet_level_9.jpg"
24;"pointdefense.png"
23;"cbInfoIcon_queue"
22;"tdm_scoreboard_left_1"
21;"tdm_scoreboard_right_1"
20;"repair.png"
19;"resourcelocator.png"
18;"shipInfoIcon_rockets"
17;"npc6icon"
16;"shipInfoIcon_shield"
15;"shield_bar.png"
14;"shild_small.png"
13;"singularity_buff.png"
12;"speed_leech_buff.png"
11;"top.png"
10;"trade.png"
9;"trade_buff.png"
8;"shipInfoIcon_uridium"
7;"invasion_3"
6;"spaceball_3"
5;"left_3"
4;"right_3"
3;"company_symbol_3"
2;"weaken_shield_buff.png"
1;"xp_small.png"
