377;"activeFlashing"
375;"keyboardIcons"
352;"keyboardIconsTwoDigits"
351;"keyboardIconsBlack"
328;"ammoBar"
277;"cooldown"
175;"dragger"
170;"lock"
161;"rotator"
156;"scrollLeft"
151;"scrollRight"
146;"rocketbuy"
145;"actionMenu_fla.rocketBuyRocketSlot_14"
136;"rocketlauncher"
135;"actionMenu_fla.slot_17"
134;"actionMenu_fla.slotRL2_22"
133;"actionMenu_fla.filledSlotsRL2_23"
130;"actionMenu_fla.slotRL1_19"
129;"actionMenu_fla.filledSlotsRL1_20"
128;"actionMenu_fla.filledSlot_21"
113;"hstrm01.png"
112;"ubr100.png"
111;"eco10.png"
110;"techDigitBg"
109;"tech_digit_bg.png"
108;"windowFlashIcon"
105;"comb02_flash.png"
104;"ability.png"
103;"acm1.png"
102;"ajp01.png"
101;"aim01.png"
100;"aim02.png"
99;"ammobuy01.png"
98;"ammobuy02.png"
97;"ammobuy03.png"
96;"ammobuy04.png"
95;"ammobuy05.png"
94;"ammobuy06.png"
93;"arol01.png"
92;"battle_repair_bot.png"
91;"bitmapFont"
90;"clan.png"
89;"clinging_impulse_drone.png"
88;"cloak01.png"
87;"comb00_deactivated.png"
86;"comb01_hover.png"
85;"comb01_selected.png"
84;"comb01_std.png"
83;"comb02_hover.png"
82;"comb02_selected.png"
81;"comb02_std.png"
80;"comb03_hover.png"
79;"comb03_std.png"
78;"comb04_hover.png"
77;"comb04_selected.png"
76;"comb04_std.png"
75;"config1.png"
74;"config2.png"
73;"cpu.png"
72;"dcr30.png"
71;"dd_m01.png"
70;"dmz_icon.png"
69;"droneRepair01.png"
68;"droneRepair02.png"
67;"emp_m01.png"
66;"emp01.png"
65;"energy_chain_impulse.png"
64;"energy_leech_array.png"
63;"explosive.png"
62;"extras.png"
61;"fastbuy_credits.png"
60;"fastbuy_icon.png"
59;"fastbuy_uridium.png"
58;"fastrepair.png"
57;"fireworks_large.png"
56;"fireworks_medium.png"
55;"fireworks_small.png"
54;"fwx_detonator.png"
53;"fwx_detonator_1.png"
52;"fwx_detonator_2.png"
51;"fwx_detonator_3.png"
50;"fwx_detonator_4.png"
49;"fwx_detonator_5.png"
48;"help.png"
47;"hm7_01.png"
46;"ish.png"
45;"jump01.png"
44;"jump02.png"
43;"gate.png"
42;"laser.png"
41;"laserBat1.png"
40;"laserBat2.png"
39;"laserBat3.png"
38;"laserBat4.png"
37;"laserBat5.png"
36;"laserBat6.png"
35;"logout.png"
34;"pazifismus.png"
33;"pirate.png"
32;"pld8.png"
31;"plt2021.png"
30;"plt2026.png"
29;"plt3030.png"
28;"r310.png"
27;"rllb1.png"
26;"rob01.png"
25;"rob02.png"
24;"rob03.png"
23;"rob04.png"
22;"robstarter.png"
21;"robx.png"
20;"rocket.png"
19;"rocket_probability_maximizer.png"
18;"sab_m01.png"
17;"selfDestruction.png"
16;"settings.png"
15;"shield_backup.png"
14;"skill_ship_diminisher.png"
13;"skill_ship_lightning.png"
12;"skill_ship_sentinel.png"
11;"skill_ship_solace.png"
10;"skill_ship_spectrum.png"
9;"skill_ship_venom.png"
8;"slot"
7;"smb01.png"
6;"speed_leech.png"
5;"sticky_nav_bg.png"
4;"sticky_nav_logo.png"
3;"tech_icon.png"
2;"trade.png"
1;"wiz.png"
